average_precision,roc_auc,precision_late,recall_late,f1_late,balanced_accuracy,accuracy,threshold
0.14389800201174383,0.7571943072868621,0.18472727272727274,0.32858990944372574,0.23649906890130354,0.6233735850788753,0.8866620594333103,0.7899999999999999
0.14389800201174383,0.7571943072868621,0.19240297274979357,0.3014230271668823,0.23487903225806453,0.6150102651348758,0.8950932964754665,0.7999999999999999
0.14389800201174383,0.7571943072868621,0.17287917737789202,0.34799482535575677,0.23100042936882784,0.6270163219280791,0.8762266758811333,0.7799999999999999
0.14389800201174383,0.7571943072868621,0.16427340608845492,0.36998706338939197,0.22752585521081942,0.6318797111500511,0.8657912923289565,0.7699999999999999
0.14389800201174383,0.7571943072868621,0.15615305067218202,0.3906856403622251,0.2231252308828962,0.6357677307454697,0.8546648237733241,0.7599999999999999
0.14389800201174383,0.7571943072868621,0.1920849420849421,0.2574385510996119,0.22001105583195135,0.5981651396076288,0.9024879060124396,0.8099999999999999
0.14389800201174383,0.7571943072868621,0.14932337844143723,0.4139715394566624,0.2194787379972565,0.6404383505854532,0.8427090532135453,0.7499999999999999
0.14389800201174383,0.7571943072868621,0.13966910350134668,0.46959896507115134,0.21530249110320285,0.6531757693137022,0.8171389080856946,0.73
0.14389800201174383,0.7571943072868621,0.14267623469818488,0.4372574385510996,0.21514958625079567,0.6444883965771487,0.8295784381478922,0.74
0.14389800201174383,0.7571943072868621,0.13525730180806675,0.5032341526520052,0.21320909838311866,0.6608307727558778,0.8015894955079474,0.72
0.14389800201174383,0.7571943072868621,0.20045558086560364,0.2276843467011643,0.21320411871592973,0.5882161238506917,0.9102280580511403,0.82
0.14389800201174383,0.7571943072868621,0.12981228125994274,0.5278137128072445,0.2083758937691522,0.6640674755172968,0.7857636489288182,0.71
0.14389800201174383,0.7571943072868621,0.123335263462652,0.5510996119016818,0.20156139105748758,0.6650146522675526,0.7667588113337941,0.7
0.14389800201174383,0.7571943072868621,0.12099358974358974,0.5860284605433377,0.20057560327651097,0.6728784341119258,0.750449205252246,0.69
0.14389800201174383,0.7571943072868621,0.20463847203274216,0.19404915912031048,0.199203187250996,0.5757425469982803,0.9166551485832758,0.83
0.14389800201174383,0.7571943072868621,0.11722782010321947,0.6170763260025873,0.1970260223048327,0.6774145592924523,0.7313061506565307,0.6799999999999999
0.14389800201174383,0.7571943072868621,0.11445508435932512,0.6494178525226391,0.19461135879046326,0.6829260540995323,0.7128541810642709,0.6699999999999999
0.14389800201174383,0.7571943072868621,0.1100126209507783,0.6765847347994826,0.1892527591821965,0.6838424878640765,0.690324809951624,0.6599999999999999
0.14389800201174383,0.7571943072868621,0.10536585365853658,0.6985769728331177,0.18311291963377416,0.6819160690988981,0.6670352453351762,0.6499999999999999
0.14389800201174383,0.7571943072868621,0.2106164383561644,0.1591203104786546,0.1812822402358143,0.5627316526475189,0.9232204561161023,0.84
0.14389800201174383,0.7571943072868621,0.10326678765880218,0.7360931435963778,0.18112366703803914,0.6876786080104982,0.6444367657221838,0.6399999999999999
0.14389800201174383,0.7571943072868621,0.09944096222259868,0.759379042690815,0.17585380467345715,0.6856324285513651,0.6197650310988252,0.63
0.14389800201174383,0.7571943072868621,0.09547977795400475,0.7787839586028461,0.17010454930771404,0.6812077053728256,0.5940566689702833,0.62
0.14389800201174383,0.7571943072868621,0.0929745889387145,0.8046571798188874,0.1666889990620394,0.6808202304146638,0.5702142363510712,0.61
0.14389800201174383,0.7571943072868621,0.21627408993576017,0.13065976714100905,0.1629032258064516,0.5519692936603052,0.9282653766413269,0.8499999999999999
0.14389800201174383,0.7571943072868621,0.09016624401239785,0.8279430789133247,0.16262228433490028,0.6782264857952767,0.5445058742225294,0.6
0.14389800201174383,0.7571943072868621,0.08760197940350407,0.8473479948253557,0.15878787878787878,0.6746413625291268,0.520387007601935,0.59
0.14389800201174383,0.7571943072868621,0.0851603092130275,0.869340232858991,0.15512465373961218,0.67114525697122,0.4941257774706289,0.58
0.14389800201174383,0.7571943072868621,0.08336353751359188,0.8926261319534282,0.15248618784530388,0.6693546079202054,0.469937802349689,0.57
0.14389800201174383,0.7571943072868621,0.08139266774267927,0.9133247089262613,0.14946543876362867,0.6657957413361686,0.444713199723566,0.5599999999999999
0.14389800201174383,0.7571943072868621,0.07956680296165322,0.9314359637774903,0.14660965180207697,0.6616733005716684,0.42073255010366273,0.5499999999999999
0.14389800201174383,0.7571943072868621,0.07698040885860306,0.9353169469598965,0.14225282833251351,0.6512023151971126,0.3974429854872149,0.5399999999999999
0.14389800201174383,0.7571943072868621,0.07567178008854113,0.9508408796895214,0.14018691588785046,0.6476844392606912,0.3769177608845888,0.5299999999999999
0.14389800201174383,0.7571943072868621,0.07385229540918163,0.9573091849935317,0.13712591494487167,0.639894280019581,0.35639253628196266,0.5199999999999999
0.14389800201174383,0.7571943072868621,0.2222222222222222,0.09831824062095731,0.13632286995515694,0.5394489648019731,0.9334485141672426,0.8599999999999999
0.14389800201174383,0.7571943072868621,0.07208337354048056,0.9663648124191462,0.1341594827586207,0.6321566341426972,0.3336558396682792,0.5099999999999999
0.14389800201174383,0.7571943072868621,0.07007682218474799,0.9676584734799483,0.13068926356250546,0.6214871180278474,0.31230131306150655,0.49999999999999994
0.14389800201174383,0.7571943072868621,0.06876371616678859,0.9728331177231565,0.128448202237595,0.6146563193930815,0.29474775397373876,0.48999999999999994
0.14389800201174383,0.7571943072868621,0.0672965504946965,0.9767141009055628,0.12591727818545698,0.6063755946595419,0.2756046993780235,0.4799999999999999
0.14389800201174383,0.7571943072868621,0.06622458773230958,0.981888745148771,0.12408043158410986,0.6002748829051149,0.25943331029716654,0.4699999999999999
0.14389800201174383,0.7571943072868621,0.06505178464435504,0.9831824062095731,0.12202954399486192,0.5928542534077726,0.2442294402211472,0.4599999999999999
0.14389800201174383,0.7571943072868621,0.06399596875787351,0.9857697283311773,0.12018927444794952,0.5860439500968144,0.22902557014512784,0.4499999999999999
0.14389800201174383,0.7571943072868621,0.06292264555500578,0.9870633893919794,0.11830374447631599,0.578732833631523,0.21402902557014514,0.43999999999999995
0.14389800201174383,0.7571943072868621,0.06210927985710806,0.9896507115135834,0.11688311688311688,0.5731271736731237,0.20110573600552867,0.42999999999999994
0.14389800201174383,0.7571943072868621,0.061195104391648665,0.9896507115135834,0.11526291999397319,0.5664103743740072,0.18838977194194886,0.41999999999999993
0.14389800201174383,0.7571943072868621,0.06033123028391167,0.9896507115135834,0.1137292797145618,0.5598760967949753,0.17601935038009675,0.4099999999999999
0.14389800201174383,0.7571943072868621,0.059675911498909315,0.9909443725743855,0.1125725622749651,0.5548647540027509,0.1653766413268832,0.3999999999999999
0.14389800201174383,0.7571943072868621,0.05907725487175537,0.9922380336351876,0.11151497528351265,0.550181950306679,0.15535590877677954,0.38999999999999996
0.14389800201174383,0.7571943072868621,0.058402497525317905,0.9922380336351876,0.11031209549834604,0.5447062987041383,0.14498963372494816,0.37999999999999995
0.14389800201174383,0.7571943072868621,0.05793602896801448,0.9935316946959897,0.10948749019887376,0.540899599264473,0.13662750518313752,0.36999999999999994
0.14389800201174383,0.7571943072868621,0.057489333033909726,0.9935316946959897,0.10868949900934051,0.5371396518307283,0.12950932964754666,0.35999999999999993
0.14389800201174383,0.7571943072868621,0.05710254696665924,0.9948253557567918,0.10800561797752808,0.5338805175513169,0.12218382861091914,0.3499999999999999
0.14389800201174383,0.7571943072868621,0.05667329943253003,0.9948253557567918,0.10723748431181146,0.5301570744615893,0.1151347615756738,0.33999999999999997
0.14389800201174383,0.7571943072868621,0.05634112389186021,0.9948253557567918,0.10664262931632229,0.5272367269402343,0.1096060815480304,0.32999999999999996
0.14389800201174383,0.7571943072868621,0.055980199461308874,0.9948253557567918,0.10599586492074431,0.5240243446667437,0.10352453351762267,0.31999999999999995
0.14389800201174383,0.7571943072868621,0.05580518915784896,0.9961190168175937,0.10568938302106924,0.5224809145561284,0.09944713199723566,0.30999999999999994
0.14389800201174383,0.7571943072868621,0.0555756044749188,0.9961190168175937,0.10527754990429314,0.520400166947163,0.09550794747753974,0.3
0.14389800201174383,0.7571943072868621,0.055463754580070405,0.9987063389391979,0.10509120609855704,0.5194305586789149,0.09136143745680719,0.29
0.14389800201174383,0.7571943072868621,0.05528501861930679,0.9987063389391979,0.10477030603243537,0.5177878631981526,0.08825155494125778,0.27999999999999997
0.14389800201174383,0.7571943072868621,0.05508776937348366,0.9987063389391979,0.10441604111719754,0.5159626459973058,0.08479612992398065,0.26999999999999996
0.14389800201174383,0.7571943072868621,0.05494270870400683,0.9987063389391979,0.10415542363734484,0.514611985268679,0.08223911541119558,0.25999999999999995
0.14389800201174383,0.7571943072868621,0.05486160397444997,1.0,0.10401668572966427,0.5138716507264365,0.0796821008984105,0.24999999999999994
0.14389800201174383,0.7571943072868621,0.05472566371681416,1.0,0.1037723184320043,0.5125939986858437,0.07726330338631651,0.24
0.14389800201174383,0.7571943072868621,0.054578832168325916,1.0,0.1035083020889127,0.5112068336132,0.0746371803731859,0.22999999999999998
0.14389800201174383,0.7571943072868621,0.05444812284285412,1.0,0.10327321309285237,0.5099656859166241,0.07228749136143746,0.21999999999999997
0.14389800201174383,0.7571943072868621,0.05431803808586888,1.0,0.10303918954945349,0.5087245382200482,0.06993780234968901,0.20999999999999996
0.14389800201174383,0.7571943072868621,0.054192372406057204,1.0,0.10281306111591408,0.5075198948674893,0.06765722183828611,0.19999999999999996
0.14389800201174383,0.7571943072868621,0.05408998670491918,1.0,0.10262878385554966,0.5065342775790319,0.06579129232895646,0.19
0.14389800201174383,0.7571943072868621,0.05400307391365097,1.0,0.10247232716908597,0.5056946776666423,0.06420179682100899,0.18
0.14389800201174383,0.7571943072868621,0.053893885519068534,1.0,0.102275734321249,0.5046360516901511,0.06219765031098825,0.16999999999999998
0.14389800201174383,0.7571943072868621,0.053826335213425246,1.0,0.10215409012818819,0.5039789734978463,0.06095369730476849,0.15999999999999998
0.14389800201174383,0.7571943072868621,0.05376643249634833,1.0,0.10204620462046204,0.5033949039935752,0.059847961299239805,0.14999999999999997
0.14389800201174383,0.7571943072868621,0.05370666296116167,1.0,0.10193854674930766,0.5028108344893042,0.05874222529371113,0.13999999999999999
0.14389800201174383,0.7571943072868621,0.05366937443588141,1.0,0.10187137585661571,0.5024457910491349,0.0580511402902557,0.13
0.14389800201174383,0.7571943072868621,0.053628416816983486,1.0,0.10179759004411668,0.5020442432649486,0.05729094678645474,0.12
0.14389800201174383,0.7571943072868621,0.053580092881402926,1.0,0.10171052631578947,0.5015696867927283,0.05639253628196268,0.10999999999999999
0.14389800201174383,0.7571943072868621,0.05352444259797812,1.0,0.10161025303976338,0.5010221216324743,0.055355908776779546,0.09999999999999999
0.14389800201174383,0.7571943072868621,0.05351703129327056,1.0,0.10159689820595387,0.5009491129444403,0.05521769177608846,0.09
0.14389800201174383,0.7571943072868621,0.05350221483942414,1.0,0.10157019906707838,0.5008030955683727,0.054941257774706286,0.08
0.14389800201174383,0.7571943072868621,0.05348370580502318,1.0,0.10153684487061605,0.500620573848288,0.05459571527297857,0.07
0.14389800201174383,0.7571943072868621,0.053476305776547904,1.0,0.10152350932492776,0.5005475651602541,0.05445749827228749,0.06
0.14389800201174383,0.7571943072868621,0.05346520957255499,1.0,0.10150351257304183,0.5004380521282032,0.05425017277125086,0.05
0.14389800201174383,0.7571943072868621,0.20081967213114754,0.06338939197930142,0.09636184857423795,0.5245763489063479,0.9364892881824465,0.8699999999999999
0.14389800201174383,0.7571943072868621,0.19428571428571428,0.04398447606727038,0.07172995780590717,0.5168451255272469,0.9391845196959226,0.8799999999999999
0.14389800201174383,0.7571943072868621,0.1875,0.027166882276843468,0.04745762711864407,0.5102615458328804,0.9417415342087077,0.8899999999999999
0.14389800201174383,0.7571943072868621,0.25806451612903225,0.02069857697283312,0.03832335329341317,0.5086700886616374,0.9445058742225294,0.8999999999999999
0.14389800201174383,0.7571943072868621,0.23529411764705882,0.01034928848641656,0.01982651796778191,0.5042255312987679,0.9453351762266758,0.9099999999999999
0.14389800201174383,0.7571943072868621,0.19047619047619047,0.00517464424320828,0.010075566750629723,0.5019667482733162,0.9456807187284036,0.9199999999999999
0.14389800201174383,0.7571943072868621,0.0,0.0,0.0,0.4997079652478645,0.9460262612301313,0.9299999999999999
0.14389800201174383,0.7571943072868621,0.0,0.0,0.0,0.49985398262393227,0.9463026952315134,0.94
0.14389800201174383,0.7571943072868621,0.0,0.0,0.0,0.4999634956559831,0.9465100207325501,0.95
